K-mer,# of Reads,Run-Time(s)
3,20,0.011925220489501953
4,20,0.026168107986450195
5,20,0.18619751930236816
6,20,0.6874828338623047
7,20,1.3315088748931885
8,20,1.6227715015411377
9,20,1.807598352432251
10,20,1.796844720840454
11,20,1.8192157745361328
12,20,1.8954572677612305
13,20,1.9233200550079346
14,20,1.8885517120361328
15,20,1.8763236999511719
16,20,1.9229602813720703
17,20,1.9330077171325684
18,20,1.9055755138397217
19,20,1.9787483215332031
20,20,2.0895602703094482
